101,Inception,C. Nolan,Ciencia Ficcion,2010,3,3
102,Terminator 2,J. Cameron,Accion,1991,2,2
103,Coco,Lee Unkrich,Animacion,2017,4,4
104,Mad Max: Fury Road,G. Miller,Accion,2015,2,2
105,El Padrino II,F. Coppola,Drama,1974,2,2
106,Interstellar,C. Nolan,Ciencia Ficcion,2014,3,3
107,The Dark Knight,C. Nolan,Accion,2008,3,3
108,Gladiator,R. Scott,Accion,2000,2,2
109,Whiplash,D. Chazelle,Drama,2014,3,3
110,Parasite,B. Joon-ho,Drama,2019,2,2
111,Toy Story,J. Lasseter,Animacion,1995,3,3
112,Shrek,A. Adamson,Animacion,2001,3,3
113,Alien,R. Scott,Ciencia Ficcion,1979,2,2
114,Blade Runner,R. Scott,Ciencia Ficcion,1982,2,2
115,Goodfellas,M. Scorsese,Drama,1990,2,2
